{
  "roc_auc": 0.7943189999999999,
  "classification_report": {
    "0.0": {
      "precision": 0.8732394366197183,
      "recall": 0.31,
      "f1-score": 0.4575645756457565,
      "support": 1000.0
    },
    "1.0": {
      "precision": 0.5805471124620061,
      "recall": 0.955,
      "f1-score": 0.722117202268431,
      "support": 1000.0
    },
    "accuracy": 0.6325,
    "macro avg": {
      "precision": 0.7268932745408622,
      "recall": 0.6325,
      "f1-score": 0.5898408889570937,
      "support": 2000.0
    },
    "weighted avg": {
      "precision": 0.7268932745408622,
      "recall": 0.6325,
      "f1-score": 0.5898408889570937,
      "support": 2000.0
    }
  },
  "confusion_matrix": [
    [
      310,
      690
    ],
    [
      45,
      955
    ]
  ]
}